[
    {
        "model": "accounts.account",
        "pk": 18,
        "fields": {
            "password": "pbkdf2_sha256$600000$9VFTcEaHBsJlp31g7eUebi$jN6oX3RTkkGzsYRg+6K2A+NSnHMNI/ahGnNSiIEhwIk=",
            "first_name": "admin",
            "last_name": "admin",
            "username": "admin",
            "email": "admin@gmail.com",
            "phone_number": "",
            "date_joined": "2023-06-29T18:48:35.464Z",
            "last_login": "2023-07-08T05:28:12.395Z",
            "is_admin": true,
            "is_staff": true,
            "is_active": true,
            "is_superadmin": true
        }
    },
    {
        "model": "accounts.account",
        "pk": 26,
        "fields": {
            "password": "pbkdf2_sha256$600000$BKM0HdpmK8shcMl580b79O$NgMhBp9s2mwURoqtUvVoS9nXJyJbHFooOO+OgYbN/Gw=",
            "first_name": "Aryan",
            "last_name": "Shrestha",
            "username": "aryanshrestha183",
            "email": "aryanshrestha183@gmail.com",
            "phone_number": "9869773639",
            "date_joined": "2023-07-07T18:26:40.116Z",
            "last_login": "2023-07-07T18:33:36.554Z",
            "is_admin": false,
            "is_staff": false,
            "is_active": true,
            "is_superadmin": false
        }
    },
    {
        "model": "accounts.account",
        "pk": 28,
        "fields": {
            "password": "pbkdf2_sha256$600000$ySKr7kCqGiXc9HuUCj3VsY$TeijGhjgb56q8Z5dKHarab8u1QmQdHHGaOpuLKF9WyU=",
            "first_name": "Aryan",
            "last_name": "Shrestha",
            "username": "aryanshrestha274",
            "email": "aryanshrestha274@gmail.com",
            "phone_number": "9869773639",
            "date_joined": "2023-07-08T05:29:01.630Z",
            "last_login": "2023-07-08T05:30:01.011Z",
            "is_admin": false,
            "is_staff": false,
            "is_active": true,
            "is_superadmin": false
        }
    },
    {
        "model": "accounts.userprofile",
        "pk": 10,
        "fields": {
            "user": 26,
            "address_line_1": "Dhulabari, Jhapa",
            "address_line_2": "Satdobato, Lalitpur",
            "profile_picture": "user_profile/user.png",
            "city": "Lalitpur",
            "state": "Bagmati",
            "country": "Nepal"
        }
    },
    {
        "model": "accounts.userprofile",
        "pk": 12,
        "fields": {
            "user": 28,
            "address_line_1": "",
            "address_line_2": "",
            "profile_picture": "user_profile/user.png",
            "city": "",
            "state": "",
            "country": ""
        }
    },
    {
        "model": "category.category",
        "pk": 1,
        "fields": {
            "category_name": "Apparel",
            "slug": "apparel",
            "description": "It is a broad category that encompasses a wide range of products such as tops, bottoms, dresses, outerwear, shoes, bags, jewelry, and more.",
            "cat_image": "photos/categories/pexels-cottonbro-studio-6626903.jpg"
        }
    },
    {
        "model": "category.category",
        "pk": 2,
        "fields": {
            "category_name": "Machinery",
            "slug": "machinery",
            "description": "It caters to businesses, industries, professionals, and individuals who require specialized machinery for manufacturing, construction, agriculture, maintenance, and other purposes.",
            "cat_image": "photos/categories/pexels-pixabay-48799.jpg"
        }
    },
    {
        "model": "category.category",
        "pk": 3,
        "fields": {
            "category_name": "Transportation",
            "slug": "transportation",
            "description": "This category caters to those who offer transportation equipment, vehicles, accessories, or services that support the transportation industry.",
            "cat_image": "photos/categories/pexels-zsolt-palatinus-1616566.jpg"
        }
    },
    {
        "model": "category.category",
        "pk": 4,
        "fields": {
            "category_name": "Electronics",
            "slug": "electronics",
            "description": "This category caters to both consumers and businesses seeking electronic products for personal use, professional applications, or resale.",
            "cat_image": "photos/categories/pexels-willian-justen-de-vasconcellos-792345.jpg"
        }
    },
    {
        "model": "category.category",
        "pk": 5,
        "fields": {
            "category_name": "Beauty and personal care",
            "slug": "beauty-and-personal-care",
            "description": "This category caters to consumers seeking products for personal grooming, self-care, and enhancing their physical appearance.",
            "cat_image": "photos/categories/pexels-ron-lach-8128069.jpg"
        }
    },
    {
        "model": "category.category",
        "pk": 6,
        "fields": {
            "category_name": "Decors",
            "slug": "decors",
            "description": "Decor category",
            "cat_image": "photos/categories/7309681.jpg"
        }
    },
    {
        "model": "store.product",
        "pk": 1,
        "fields": {
            "product_name": "Nike Dunk Low Retro Premium",
            "slug": "nike-dunk-low-retro-premium",
            "description": "Textured leather. Premium canvas. Cool colours. This Dunk Low makes a subdued statement, adding the perfect polish to your outfit. With its throwback hoops style and comfy, low-cut collar, we kept everything you love about this modern style staple. The finishing touch? Colour-matched laces bring the bliss with every step.",
            "price": 100,
            "images": "photos/products/nike.webp",
            "stock": 64,
            "is_available": true,
            "category": 1,
            "created_date": "2023-06-16T05:07:52.142Z",
            "modified_date": "2023-07-08T05:54:54.090Z"
        }
    },
    {
        "model": "store.product",
        "pk": 2,
        "fields": {
            "product_name": "Nike Dunk Low",
            "slug": "nike-dunk-low",
            "description": "Ground your look in throwback hoops flair with the Nike Dunk Low. Created for the hardwood but taken to the streets, this '80s icon returns with a mix of soft suede and durable textiles. Channelling vintage vibes, its padded and low-cut collar lets you comfortably take your game anywhere.",
            "price": 8695,
            "images": "photos/products/1.webp",
            "stock": 9,
            "is_available": true,
            "category": 1,
            "created_date": "2023-06-16T05:09:07.825Z",
            "modified_date": "2023-07-07T17:44:42.085Z"
        }
    },
    {
        "model": "store.product",
        "pk": 3,
        "fields": {
            "product_name": "Nike Dunk Low Next Nature",
            "slug": "nike-dunk-low-next-nature",
            "description": "Created for the hardwood but taken to the streets, the '80s b-ball icon returns with classic details and throwback hoops flair. Now made with at least 20% recycled materials by weight, it lets you do good by looking good.",
            "price": 8895,
            "images": "photos/products/1_mzrOq9w.webp",
            "stock": 10,
            "is_available": true,
            "category": 1,
            "created_date": "2023-06-16T05:10:00.628Z",
            "modified_date": "2023-07-07T17:46:32.758Z"
        }
    },
    {
        "model": "store.product",
        "pk": 14,
        "fields": {
            "product_name": "Nike Blazer Low '77 Vintage",
            "slug": "nike-blazer-low-77-vintage",
            "description": "Praised by the streets for its classic simplicity and comfort, the Nike Blazer Low '77 Vintage returns with its low-profile style and heritage b-ball looks. Featuring luscious suede details, a retro Swoosh design and a super-soft collar, it's the must-have wardrobe staple that will take you everywhere.",
            "price": 1000,
            "images": "photos/products/1_y2OArMD.webp",
            "stock": 8,
            "is_available": true,
            "category": 1,
            "created_date": "2023-07-07T17:51:35.214Z",
            "modified_date": "2023-07-08T06:37:43.329Z"
        }
    },
    {
        "model": "store.product",
        "pk": 15,
        "fields": {
            "product_name": "Nike SB Kearny",
            "slug": "nike-sb-kearny",
            "description": "Made from durable ripstop fabric, the Nike SB Kearny Cargo Pants are built to last. The classic cargo design doesn't skimp on storage—with 6 pockets, you'll have plenty of places to keep your essentials secure while you skate.",
            "price": 2999,
            "images": "photos/products/1_NV6pAJ0.webp",
            "stock": 10,
            "is_available": true,
            "category": 1,
            "created_date": "2023-07-07T17:54:02.673Z",
            "modified_date": "2023-07-07T17:54:02.674Z"
        }
    },
    {
        "model": "store.product",
        "pk": 16,
        "fields": {
            "product_name": "Jordan Brooklyn Fleece",
            "slug": "jordan-brooklyn-fleece",
            "description": "Rep your Jordan Brand pride while staying warm in this super-soft fleece hoodie. This wardrobe staple makes a subtle statement with an embroidered Jumpman logo on the chest.",
            "price": 1999,
            "images": "photos/products/1_TubWClu.webp",
            "stock": 8,
            "is_available": true,
            "category": 1,
            "created_date": "2023-07-07T17:55:45.070Z",
            "modified_date": "2023-07-08T06:37:39.261Z"
        }
    },
    {
        "model": "store.product",
        "pk": 17,
        "fields": {
            "product_name": "Acer Aspire 5 | Core i5-1335U | Iris Xe | 8GB RAM | 512GB SSD",
            "slug": "acer-aspire-5-core-i5-1335u-iris-xe-8gb-ram-512gb-ssd",
            "description": "The Intel 13th Gen processor has been popular since its release on October 20, 2022. But the laptops with Intel 13th Gen processors were unavailable in Nepal until the end of April. After waiting a month, we got the Acer Aspire 5 2023 with the Acer Aspire 5, featuring the powerful Core i5-1335U processor, Iris Xe graphics, 8GB RAM, and a spacious 512GB SSD.",
            "price": 80000,
            "images": "photos/products/1.jpg",
            "stock": 10,
            "is_available": true,
            "category": 4,
            "created_date": "2023-07-07T18:01:10.662Z",
            "modified_date": "2023-07-07T18:01:10.662Z"
        }
    },
    {
        "model": "store.product",
        "pk": 18,
        "fields": {
            "product_name": "HP Envy x360 14t-es00013dx | i5-1335U | 8GB RAM | 512GB SSD | 2 In 1",
            "slug": "hp-envy-x360-14t-es00013dx-i5-1335u-8gb-ram-512gb-ssd-2-in-1",
            "description": "Processor:    Intel® Core™ i5-1335U\r\nGraphics:    Intel® Iris® Xe Graphics\r\nRAM:    8GB RAM\r\nOS:‎     Windows 11 Home\r\nCamera:  HP True Vision 5MP IR camera with the camera shutter, temporal noise reduction\r\nBattery:  3-cell, 43 Wh Li-ion polymer\r\nAudio:  Audio by Bang & Olufsen; Dual speakers; HP Audio Boost\r\nWLAN + Bluetooth:  Intel® Wi-Fi 6E AX211 (2×2) and Bluetooth® 5.3 wireless card",
            "price": 106000,
            "images": "photos/products/1_OeWDaws.jpg",
            "stock": 5,
            "is_available": true,
            "category": 4,
            "created_date": "2023-07-07T18:04:33.885Z",
            "modified_date": "2023-07-07T18:04:33.885Z"
        }
    },
    {
        "model": "store.variation",
        "pk": 12,
        "fields": {
            "product": 1,
            "variation_category": "color",
            "variation_value": "Red",
            "is_active": true,
            "created_at": "2023-06-19T16:58:21.312Z"
        }
    },
    {
        "model": "store.variation",
        "pk": 13,
        "fields": {
            "product": 1,
            "variation_category": "color",
            "variation_value": "Green",
            "is_active": true,
            "created_at": "2023-06-19T16:58:30.963Z"
        }
    },
    {
        "model": "store.variation",
        "pk": 14,
        "fields": {
            "product": 1,
            "variation_category": "color",
            "variation_value": "Yellow",
            "is_active": true,
            "created_at": "2023-06-19T16:58:39.881Z"
        }
    },
    {
        "model": "store.variation",
        "pk": 15,
        "fields": {
            "product": 1,
            "variation_category": "color",
            "variation_value": "Grey",
            "is_active": true,
            "created_at": "2023-06-19T16:58:47.714Z"
        }
    },
    {
        "model": "store.variation",
        "pk": 16,
        "fields": {
            "product": 1,
            "variation_category": "size",
            "variation_value": "Large",
            "is_active": true,
            "created_at": "2023-06-19T17:20:19.396Z"
        }
    },
    {
        "model": "store.variation",
        "pk": 17,
        "fields": {
            "product": 1,
            "variation_category": "size",
            "variation_value": "Medium",
            "is_active": true,
            "created_at": "2023-06-19T17:20:27.452Z"
        }
    },
    {
        "model": "store.variation",
        "pk": 18,
        "fields": {
            "product": 1,
            "variation_category": "size",
            "variation_value": "Small",
            "is_active": true,
            "created_at": "2023-06-19T17:20:35.792Z"
        }
    },
    {
        "model": "store.variation",
        "pk": 19,
        "fields": {
            "product": 2,
            "variation_category": "color",
            "variation_value": "Red",
            "is_active": true,
            "created_at": "2023-06-29T19:04:11.881Z"
        }
    },
    {
        "model": "store.variation",
        "pk": 20,
        "fields": {
            "product": 2,
            "variation_category": "color",
            "variation_value": "Green",
            "is_active": true,
            "created_at": "2023-06-29T19:04:22.883Z"
        }
    },
    {
        "model": "store.variation",
        "pk": 21,
        "fields": {
            "product": 2,
            "variation_category": "color",
            "variation_value": "Blue",
            "is_active": true,
            "created_at": "2023-06-29T19:04:33.810Z"
        }
    },
    {
        "model": "store.variation",
        "pk": 22,
        "fields": {
            "product": 2,
            "variation_category": "size",
            "variation_value": "Large",
            "is_active": true,
            "created_at": "2023-06-29T19:04:39.011Z"
        }
    },
    {
        "model": "store.variation",
        "pk": 23,
        "fields": {
            "product": 2,
            "variation_category": "size",
            "variation_value": "Medium",
            "is_active": true,
            "created_at": "2023-06-29T19:04:43.499Z"
        }
    },
    {
        "model": "store.variation",
        "pk": 24,
        "fields": {
            "product": 2,
            "variation_category": "size",
            "variation_value": "Small",
            "is_active": true,
            "created_at": "2023-06-29T19:04:54.643Z"
        }
    },
    {
        "model": "store.variation",
        "pk": 25,
        "fields": {
            "product": 3,
            "variation_category": "color",
            "variation_value": "Red",
            "is_active": true,
            "created_at": "2023-06-29T19:05:01.589Z"
        }
    },
    {
        "model": "store.variation",
        "pk": 26,
        "fields": {
            "product": 3,
            "variation_category": "color",
            "variation_value": "Green",
            "is_active": true,
            "created_at": "2023-06-29T19:05:06.460Z"
        }
    },
    {
        "model": "store.variation",
        "pk": 27,
        "fields": {
            "product": 3,
            "variation_category": "color",
            "variation_value": "Yellow",
            "is_active": true,
            "created_at": "2023-06-29T19:05:15.562Z"
        }
    },
    {
        "model": "store.variation",
        "pk": 28,
        "fields": {
            "product": 3,
            "variation_category": "size",
            "variation_value": "Large",
            "is_active": true,
            "created_at": "2023-06-29T19:05:58.890Z"
        }
    },
    {
        "model": "store.variation",
        "pk": 29,
        "fields": {
            "product": 3,
            "variation_category": "size",
            "variation_value": "Medium",
            "is_active": true,
            "created_at": "2023-06-29T19:06:09.682Z"
        }
    },
    {
        "model": "store.variation",
        "pk": 30,
        "fields": {
            "product": 3,
            "variation_category": "size",
            "variation_value": "Small",
            "is_active": true,
            "created_at": "2023-06-29T19:06:21.146Z"
        }
    },
    {
        "model": "store.variation",
        "pk": 31,
        "fields": {
            "product": 17,
            "variation_category": "color",
            "variation_value": "Black",
            "is_active": true,
            "created_at": "2023-07-07T18:01:23.247Z"
        }
    },
    {
        "model": "store.variation",
        "pk": 32,
        "fields": {
            "product": 17,
            "variation_category": "color",
            "variation_value": "Grey",
            "is_active": true,
            "created_at": "2023-07-07T18:01:32.831Z"
        }
    },
    {
        "model": "store.variation",
        "pk": 33,
        "fields": {
            "product": 17,
            "variation_category": "color",
            "variation_value": "White",
            "is_active": true,
            "created_at": "2023-07-07T18:01:43.102Z"
        }
    },
    {
        "model": "store.variation",
        "pk": 34,
        "fields": {
            "product": 17,
            "variation_category": "size",
            "variation_value": "15.6",
            "is_active": true,
            "created_at": "2023-07-07T18:01:53.678Z"
        }
    },
    {
        "model": "store.variation",
        "pk": 35,
        "fields": {
            "product": 17,
            "variation_category": "size",
            "variation_value": "14",
            "is_active": true,
            "created_at": "2023-07-07T18:02:01.591Z"
        }
    },
    {
        "model": "store.variation",
        "pk": 36,
        "fields": {
            "product": 17,
            "variation_category": "size",
            "variation_value": "13",
            "is_active": true,
            "created_at": "2023-07-07T18:02:08.056Z"
        }
    },
    {
        "model": "store.variation",
        "pk": 37,
        "fields": {
            "product": 18,
            "variation_category": "color",
            "variation_value": "Silver",
            "is_active": true,
            "created_at": "2023-07-07T18:04:48.472Z"
        }
    },
    {
        "model": "store.variation",
        "pk": 38,
        "fields": {
            "product": 18,
            "variation_category": "color",
            "variation_value": "White",
            "is_active": true,
            "created_at": "2023-07-07T18:04:58.503Z"
        }
    },
    {
        "model": "store.variation",
        "pk": 39,
        "fields": {
            "product": 18,
            "variation_category": "size",
            "variation_value": "Black",
            "is_active": true,
            "created_at": "2023-07-07T18:05:05.822Z"
        }
    },
    {
        "model": "store.variation",
        "pk": 40,
        "fields": {
            "product": 18,
            "variation_category": "size",
            "variation_value": "15.6",
            "is_active": true,
            "created_at": "2023-07-07T18:05:13.222Z"
        }
    },
    {
        "model": "store.variation",
        "pk": 41,
        "fields": {
            "product": 18,
            "variation_category": "size",
            "variation_value": "14",
            "is_active": true,
            "created_at": "2023-07-07T18:05:19.366Z"
        }
    },
    {
        "model": "store.variation",
        "pk": 42,
        "fields": {
            "product": 18,
            "variation_category": "size",
            "variation_value": "13",
            "is_active": true,
            "created_at": "2023-07-07T18:05:25.719Z"
        }
    },
    {
        "model": "store.variation",
        "pk": 43,
        "fields": {
            "product": 14,
            "variation_category": "color",
            "variation_value": "White",
            "is_active": true,
            "created_at": "2023-07-07T18:30:10.809Z"
        }
    },
    {
        "model": "store.variation",
        "pk": 44,
        "fields": {
            "product": 14,
            "variation_category": "color",
            "variation_value": "Yellow",
            "is_active": true,
            "created_at": "2023-07-07T18:30:19.585Z"
        }
    },
    {
        "model": "store.variation",
        "pk": 45,
        "fields": {
            "product": 14,
            "variation_category": "size",
            "variation_value": "blue",
            "is_active": true,
            "created_at": "2023-07-07T18:30:26.866Z"
        }
    },
    {
        "model": "store.variation",
        "pk": 46,
        "fields": {
            "product": 14,
            "variation_category": "size",
            "variation_value": "small",
            "is_active": true,
            "created_at": "2023-07-07T18:30:41.353Z"
        }
    },
    {
        "model": "store.variation",
        "pk": 47,
        "fields": {
            "product": 14,
            "variation_category": "size",
            "variation_value": "medium",
            "is_active": true,
            "created_at": "2023-07-07T18:30:49.065Z"
        }
    },
    {
        "model": "store.variation",
        "pk": 48,
        "fields": {
            "product": 14,
            "variation_category": "size",
            "variation_value": "large",
            "is_active": true,
            "created_at": "2023-07-07T18:30:55.953Z"
        }
    },
    {
        "model": "store.variation",
        "pk": 49,
        "fields": {
            "product": 15,
            "variation_category": "color",
            "variation_value": "Red",
            "is_active": true,
            "created_at": "2023-07-07T18:31:07.512Z"
        }
    },
    {
        "model": "store.variation",
        "pk": 50,
        "fields": {
            "product": 15,
            "variation_category": "color",
            "variation_value": "Green",
            "is_active": true,
            "created_at": "2023-07-07T18:31:13.865Z"
        }
    },
    {
        "model": "store.variation",
        "pk": 51,
        "fields": {
            "product": 15,
            "variation_category": "color",
            "variation_value": "Blue",
            "is_active": true,
            "created_at": "2023-07-07T18:31:20.722Z"
        }
    },
    {
        "model": "store.variation",
        "pk": 52,
        "fields": {
            "product": 15,
            "variation_category": "size",
            "variation_value": "Small",
            "is_active": true,
            "created_at": "2023-07-07T18:31:33.991Z"
        }
    },
    {
        "model": "store.variation",
        "pk": 53,
        "fields": {
            "product": 15,
            "variation_category": "size",
            "variation_value": "Medium",
            "is_active": true,
            "created_at": "2023-07-07T18:31:53.280Z"
        }
    },
    {
        "model": "store.variation",
        "pk": 54,
        "fields": {
            "product": 15,
            "variation_category": "size",
            "variation_value": "Large",
            "is_active": true,
            "created_at": "2023-07-07T18:32:00.916Z"
        }
    },
    {
        "model": "store.variation",
        "pk": 55,
        "fields": {
            "product": 16,
            "variation_category": "color",
            "variation_value": "red",
            "is_active": true,
            "created_at": "2023-07-07T18:32:27.760Z"
        }
    },
    {
        "model": "store.variation",
        "pk": 56,
        "fields": {
            "product": 16,
            "variation_category": "color",
            "variation_value": "Blue",
            "is_active": true,
            "created_at": "2023-07-07T18:32:37.240Z"
        }
    },
    {
        "model": "store.variation",
        "pk": 57,
        "fields": {
            "product": 16,
            "variation_category": "color",
            "variation_value": "Green",
            "is_active": true,
            "created_at": "2023-07-07T18:32:46.599Z"
        }
    },
    {
        "model": "store.variation",
        "pk": 58,
        "fields": {
            "product": 16,
            "variation_category": "size",
            "variation_value": "Small",
            "is_active": true,
            "created_at": "2023-07-07T18:32:54.232Z"
        }
    },
    {
        "model": "store.variation",
        "pk": 59,
        "fields": {
            "product": 16,
            "variation_category": "size",
            "variation_value": "Medium",
            "is_active": true,
            "created_at": "2023-07-07T18:33:04.073Z"
        }
    },
    {
        "model": "store.variation",
        "pk": 60,
        "fields": {
            "product": 16,
            "variation_category": "size",
            "variation_value": "Large",
            "is_active": true,
            "created_at": "2023-07-07T18:33:12.312Z"
        }
    },
    {
        "model": "store.reviewrating",
        "pk": 4,
        "fields": {
            "product": 1,
            "user": 28,
            "subject": "Nice shoes",
            "review": "This is a nice shoes",
            "rating": 4.0,
            "ip": "127.0.0.1",
            "status": true,
            "created_date": "2023-07-08T05:55:32.535Z",
            "updated_at": "2023-07-08T05:55:32.535Z"
        }
    },
    {
        "model": "store.productgallery",
        "pk": 2,
        "fields": {
            "product": 1,
            "image": "store/products/Nike_2.webp"
        }
    },
    {
        "model": "store.productgallery",
        "pk": 3,
        "fields": {
            "product": 1,
            "image": "store/products/Nike_3.webp"
        }
    },
    {
        "model": "store.productgallery",
        "pk": 4,
        "fields": {
            "product": 1,
            "image": "store/products/Nike_3.jpg"
        }
    },
    {
        "model": "store.productgallery",
        "pk": 5,
        "fields": {
            "product": 2,
            "image": "store/products/2.webp"
        }
    },
    {
        "model": "store.productgallery",
        "pk": 6,
        "fields": {
            "product": 2,
            "image": "store/products/3.webp"
        }
    },
    {
        "model": "store.productgallery",
        "pk": 7,
        "fields": {
            "product": 2,
            "image": "store/products/4.webp"
        }
    },
    {
        "model": "store.productgallery",
        "pk": 8,
        "fields": {
            "product": 3,
            "image": "store/products/2_kT2uuWn.webp"
        }
    },
    {
        "model": "store.productgallery",
        "pk": 9,
        "fields": {
            "product": 3,
            "image": "store/products/3_lUbMRqw.webp"
        }
    },
    {
        "model": "store.productgallery",
        "pk": 10,
        "fields": {
            "product": 3,
            "image": "store/products/4_HeZVmhu.webp"
        }
    },
    {
        "model": "store.productgallery",
        "pk": 11,
        "fields": {
            "product": 14,
            "image": "store/products/2_QaqzK7N.webp"
        }
    },
    {
        "model": "store.productgallery",
        "pk": 12,
        "fields": {
            "product": 14,
            "image": "store/products/3_9sOLyjt.webp"
        }
    },
    {
        "model": "store.productgallery",
        "pk": 13,
        "fields": {
            "product": 14,
            "image": "store/products/4_wO6JyAe.webp"
        }
    },
    {
        "model": "store.productgallery",
        "pk": 14,
        "fields": {
            "product": 15,
            "image": "store/products/2_xl3wAl2.webp"
        }
    },
    {
        "model": "store.productgallery",
        "pk": 15,
        "fields": {
            "product": 15,
            "image": "store/products/3_s8DdHB4.webp"
        }
    },
    {
        "model": "store.productgallery",
        "pk": 16,
        "fields": {
            "product": 15,
            "image": "store/products/4_YS5UJZH.webp"
        }
    },
    {
        "model": "store.productgallery",
        "pk": 17,
        "fields": {
            "product": 16,
            "image": "store/products/2_Zq31njw.webp"
        }
    },
    {
        "model": "store.productgallery",
        "pk": 18,
        "fields": {
            "product": 16,
            "image": "store/products/3.jpg"
        }
    },
    {
        "model": "store.productgallery",
        "pk": 19,
        "fields": {
            "product": 16,
            "image": "store/products/4_iBAchBh.webp"
        }
    },
    {
        "model": "store.productgallery",
        "pk": 20,
        "fields": {
            "product": 17,
            "image": "store/products/2.jpg"
        }
    },
    {
        "model": "store.productgallery",
        "pk": 21,
        "fields": {
            "product": 17,
            "image": "store/products/3_Ku3ZYzJ.jpg"
        }
    },
    {
        "model": "store.productgallery",
        "pk": 22,
        "fields": {
            "product": 17,
            "image": "store/products/4.jpg"
        }
    },
    {
        "model": "store.productgallery",
        "pk": 23,
        "fields": {
            "product": 18,
            "image": "store/products/2_YuB6dL3.jpg"
        }
    },
    {
        "model": "store.productgallery",
        "pk": 24,
        "fields": {
            "product": 18,
            "image": "store/products/3_BmXOMVZ.jpg"
        }
    }
]